<Page>
    <DockLayout width="100%" height="100%" backgroundColor="white" stretchLastChild="false">
        <ScrollView orientation="vertical" dock="top" width="100%">
        
            <StackLayout id="stack" width="100%">
            
            </StackLayout>
        </ScrollView>
        <StackLayout   orientation="horizontal"  horizontalAlignment="center" dock="bottom" 
        height="10%" width="100%" padding=0 >
            <Button width="40%" text="Back" class = "button" (tap)="back()"></Button>
            <Button width="40%" text="Checkout" class = "btn-primary" (tap)="checkout()"></Button>
        </StackLayout>
    </DockLayout> 
</Page>
