<Page>
       <DockLayout width="100%" height="100%" backgroundColor="white" stretchLastChild="false">
        
        <ScrollView orientation="vertical" dock="top" height="90%" width="100%" >
            <StackLayout id="stack"  height="100%" width="100%"  >
             <TextField [(ngModel)]="textFieldValue" hint="Enter A complaint (400 chars) and hit submit" heigh="40%" maxlength = "400" ></TextField>
            </StackLayout>
        </ScrollView>
            <StackLayout id="stack"  orientation="horizontal"  dock="top" height="10%" width="100%" padding=0 >
            <Button width="20%" text="Back" class = "btn-primary" (tap)="back()" horizontal></Button>
            <Button width="50%" text="submit complaint" (tap)="submit()" horizontal></Button>
            <Button width="25%" text="cancel" (tap)="cancel()" horizontal></Button>
            </StackLayout>
    </DockLayout> 
</Page>
