<Page>
    <DockLayout width="100%" height="100%" backgroundColor="lightgray" stretchLastChild="false">
        <StackLayout dock="top" height="90%" width="100%">
        <Label text="Bike Emulator" horizontalAlignment="center" fontSize="20"></Label>
            <StackLayout>
            
            <StackLayout *ngIf="currentGeoLocation">
                <Label text="Latitude: {{ currentGeoLocation.latitude }}"></Label>
                <Label text="Longitude: {{ currentGeoLocation.longitude }}"></Label>
                <Label text="Altitude: {{ currentGeoLocation.altitude }}"></Label>
                <Label text="Direction: {{ currentGeoLocation.direction }}"></Label>
            </StackLayout>
            </StackLayout>
        </StackLayout>
        <StackLayout id="stack"  orientation="horizontal"  horizontalAlignment="center" dock="bottom" height="10%" width="100%" padding=0 >
       <Button text="Show location" (tap)="enableLocationServices()" *ngIf="!currentGeoLocation"></Button>
 
        <Button width="33%" height="100%" text="Back" class = "btn-primary" (tap)="back()"></Button>
         <Button width="33%" height="100%" text="start" class = "btn-primary" (tap)="buttonStartTap()"></Button>
         <Button width="33%" height="100%" text="stop" class = "btn-primary" (tap)="buttonStopTap()"></Button>
        </StackLayout>
    </DockLayout> 
</Page>
