<Page>
  
   <DockLayout width="100%" height="100%" backgroundColor="white" stretchLastChild="false">
     <WebView dock="top" width="100%" height="40%" id ="wv" [src]="lv" setBuiltInZoomControls="false" setDisplayZoomControls="false"></WebView>
       <Label dock="top" text="   LOCATION    BIKES AVAILABLE" text-align="left"></Label>
       <Button   dock="bottom"   width="100%" height="10%" text="Back" (tap)="back()"></Button>
        <ScrollView orientation="vertical" width="100%" >
            <StackLayout id="stack" >
                
                 
            </StackLayout>
        </ScrollView>            
    </DockLayout> 
</Page>