<Page>
        <ScrollView orientation="vertical" width="100%" height="100%" >
          
            <StackLayout orientation="vertical"  backgroundColor="lightgray">
                <Button text="Add Bikes" (tap)="addbike()" width="100%" height="100"></Button>
                <Button text="Bike" (tap)="bike()" width="100%" height="100"></Button>
 
                <Button text="terminal bikes" (tap)="terminalbikes()" width="100%" height="100"></Button>
                <Button text="edit bike status" (tap)="viewbike()" width="100%" height="100"></Button>

                <Button text="bookings" (tap)="bookings()" width="100%" height="100"></Button>
                <Button text="Bike Emulator" (tap)="bikeemu()" width="100%" height="100"></Button>
                <Button text="Back" (tap)="back()" width="100%" height="100"></Button>
            </StackLayout>
        </ScrollView>  
</Page>