<Page>
       <DockLayout width="100%" height="100%" backgroundColor="white" stretchLastChild="false">

        <ScrollView orientation="vertical" dock="top" height="90%" width="100%" padding=0 margin=0>
            <GridLayout class="m-15"  row="auto">
                 <StackLayout id="stack"   height="100%" width="100%" row=0></StackLayout>
            </GridLayout>
        </ScrollView>
        <StackLayout id="stack"  orientation="horizontal"   height="10%" width="100%" padding=0 >
        <Button width="40%" text="Back" (tap)="back()" horizontal></Button>
        </StackLayout>
    </DockLayout> 
</Page>
