<Page>
       <DockLayout width="100%" height="100%" backgroundColor="lightgray" stretchLastChild="false">
            <StackLayout dock="top" height="90%" width="100%" >
                <StackLayout id="stack" height="50%">
                    <TextField [(ngModel)]="textFieldValue" hint="Enter A complaint (390 chars) and hit submit"   maxlength = "390" ></TextField>
                </StackLayout>
                <Label text="Complaints" width="100%" textAlignment="center"></Label>
                <ScrollView orientation="vertical" height="50%">
                    <StackLayout id="complaint">
                    </StackLayout>
                </ScrollView>
            </StackLayout>
      
            <StackLayout id="stack"  orientation="horizontal"  dock="top" height="10%" width="100%" padding=0 >
                <Button width="20%" text="Back" (tap)="back()" horizontal></Button>
                <Button width="50%" text="submit complaint" (tap)="submit()" horizontal></Button>
                <Button width="25%" text="cancel" (tap)="cancel()" horizontal></Button>
            </StackLayout>
    </DockLayout> 
</Page>
