<Page>
       <DockLayout width="100%" height="100%" backgroundColor="white" stretchLastChild="true">
        <StackLayout id="stack"  dock="top" height="70%" width="100%"></StackLayout>
        <StackLayout orientation="vertical"  height="20%" width="100%" dock="top" padding=0  backgroundColor="white">
                <Label [text]="feess" width="100%" height="20%" padding=0 margin=0 ></Label>
                <Label [text]="startTime" width="100%" height="20%"  padding=0 margin=0></Label>
                <Label [text]="endTime" width="100%" height="20%" padding=0 margin=0 ></Label>
                <Label [text]="diff" width="100%" height="20%" padding=0 margin=0 ></Label>
                <Label [text]="costTotal" width="100%" height="20%" padding=0 margin=0 ></Label>
        </StackLayout>
    <StackLayout orientation="horizontal" dock="top" height="10%" width="100%" horizontalAlignment="center" padding=0>
                    <Button width="40%" height="85%" text="Back"class = "button" (tap)="back()"></Button>
                    <Button width="40%" height="85%" text="confirm" class = "btn-primary" (tap)="confirm()" ></Button>
                </StackLayout>
    </DockLayout> 
    
</Page>
