<Page>
    <DockLayout width="100%" height="100%" backgroundColor="lightgray" stretchLastChild="false" padding=0 margin=0>
        <ScrollView orientation="vertical" dock="top" height="80%" width="100%" padding=0 margin=0>
            <StackLayout id="stack" orientation="vertical" width="100%" padding=0 margin=0>
                <StackLayout   orientation="horizontal" width="100%" padding=0 margin=0>
                    <Label text="ID" width="10%" ></Label>  
                    <Label text="Make" width="20%"></Label>   
                    <Label text="Model" width="35%"></Label> 
                    <Label text="Color" width="15%"></Label>     
                    <Label text="Status" width="20%"></Label>   
                </StackLayout>
            </StackLayout>
        </ScrollView>
        <StackLayout  dock="bottom" orientation="vertical" height="20%" padding=0 margin=0>
            <StackLayout  orientation="horizontal"  width="100%"   backgroundColor="#c4ffc4">
                <Label [text]="id" width="10%" id="id" ></Label>  
                <Label [text]="make" width="20%" id="make"></Label>   
                <Label [text]="model" width="35%" id="model"></Label> 
                <Label [text]="color" width="15%" id="color"></Label>   -->
                <Label [text]="status" width="20%" id="status"></Label>
            </StackLayout>
            <SegmentedBar id="bar" style=" font-size: 5;" [items]="segmentedBarItems" width="100%"
                [(ngModel)]="selectedBarIndex1" (selectedIndexChange)="onSelectedIndexChange($event)">
            </SegmentedBar>
            <StackLayout  orientation="horizontal" horizontalAlignment="center"  height="50%" width="100%" padding=0 margin=0>
                <Button width="50%" text="Back" (tap)="back()" horizontal padding=0 margin=0></Button>
                <Button width="50%" text="submit Edit" (tap)="submit()" horizontal padding=0 margin=0></Button>
            </StackLayout>
        </StackLayout>
    </DockLayout> 
</Page>
