<Page>
       <DockLayout width="100%" height="100%" backgroundColor="white" stretchLastChild="false">
        <ScrollView  dock="top" height="90%" width="100%">            
        <StackLayout id="stack"  width="100%"></StackLayout>
        </ScrollView>            
        <StackLayout id="stack"  orientation="horizontal" horizontalAlignment="center"  dock="top" height="10%" width="100%" padding=0 >
        <Button width="40%" text="Back" (tap)="back()"></Button>
        <Button width="40%" text="Book" class = "btn-primary" (tap)="viewCart()"></Button>
        </StackLayout>
    </DockLayout> 
</Page>
